Xã hội,Values,Thế giới,Values,Văn hóa,Values,Kinh tế,Values,Giáo dục,Values,Pháp luật,Values,Thể thao,Values,Giải trí,Values
Tai nạn,279,,279,,279,,279,,279,,279,,279,,279
Giao thông,208,,208,,208,,208,,208,,208,,208,,208
Hiện trường,204,,204,,204,,204,,204,,204,,204,,204
Ô tô,204,,204,,204,,204,,204,,204,,204,,204
Tài xế,203,,203,,203,,203,,203,,203,,203,,203
Mô tô,173,,173,,173,,173,,173,,173,,173,,173
Bị thương,167,,167,,167,,167,,167,,167,,167,,167
Công tác,160,,160,,160,,160,,160,,160,,160,,160
Đà Nẵng,141,,141,,141,,141,,141,,141,,141,,141
Đại biểu,141,,141,,141,,141,,141,,141,,141,,141
Chủ tịch,138,,138,,138,,138,,138,,138,,138,,138
Cấp cứu,136,,136,,136,,136,,136,,136,,136,,136
Lưu thông,133,,133,,133,,133,,133,,133,,133,,133
Phương tiện,128,,128,,128,,128,,128,,128,,128,,128
Cán bộ,127,,127,,127,,127,,127,,127,,127,,127
Cảnh sát giao thông,124,,124,,124,,124,,124,,124,,124,,124
Nhân dân,124,,124,,124,,124,,124,,124,,124,,124
Bí thư,122,,122,,122,,122,,122,,122,,122,,122
Va chạm,118,,118,,118,,118,,118,,118,,118,,118
Chính trị,112,,112,,112,,112,,112,,112,,112,,112
,808,Mỹ,808,,808,,808,,808,,808,,808,,808
,685,Tổng thống,685,,685,,685,,685,,685,,685,,685
,531,Quân sự,531,,531,,531,,531,,531,,531,,531
,393,Syria,393,,393,,393,,393,,393,,393,,393
,381,Tên lửa,381,,381,,381,,381,,381,,381,,381
,360,Vũ khí,360,,360,,360,,360,,360,,360,,360
,355,Washington,355,,355,,355,,355,,355,,355,,355
,314,Moscow,314,,314,,314,,314,,314,,314,,314
,308,Máy bay,308,,308,,308,,308,,308,,308,,308
,303,Trung Quốc,303,,303,,303,,303,,303,,303,,303
,289,Mỹ Donald Trump,289,,289,,289,,289,,289,,289,,289
,287,Cáo buộc,287,,287,,287,,287,,287,,287,,287
,275,Trump,275,,275,,275,,275,,275,,275,,275
,258,Quan chức,258,,258,,258,,258,,258,,258,,258
,250,Thỏa thuận,250,,250,,250,,250,,250,,250,,250
,241,Khủng bố,241,,241,,241,,241,,241,,241,,241
,236,Hạt nhân,236,,236,,236,,236,,236,,236,,236
,231,Vladimir Putin,231,,231,,231,,231,,231,,231,,231
,226,Reuters,226,,226,,226,,226,,226,,226,,226
,217,Ngoại giao,217,,217,,217,,217,,217,,217,,217
,253,,253,Du khách,253,,253,,253,,253,,253,,253
,162,,162,Du lịch,162,,162,,162,,162,,162,,162
,162,,162,Văn hóa,162,,162,,162,,162,,162,,162
,159,,159,Tác phẩm,159,,159,,159,,159,,159,,159
,158,,158,Giáng sinh,158,,158,,158,,158,,158,,158
,147,,147,Món ăn,147,,147,,147,,147,,147,,147
,140,,140,Nghệ sĩ,140,,140,,140,,140,,140,,140
,122,,122,Trang trí,122,,122,,122,,122,,122,,122
,119,,119,Tuyển việt nam,119,,119,,119,,119,,119,,119
,103,,103,Hâm mộ,103,,103,,103,,103,,103,,103
,100,,100,Lễ hội,100,,100,,100,,100,,100,,100
,97,,97,Sân khấu,97,,97,,97,,97,,97,,97
,96,,96,Triển lãm,96,,96,,96,,96,,96,,96
,92,,92,Trưng bày,92,,92,,92,,92,,92,,92
,85,,85,Nghệ sĩ nhân dân,85,,85,,85,,85,,85,,85
,81,,81,Chung kết,81,,81,,81,,81,,81,,81
,80,,80,Ông già noel,80,,80,,80,,80,,80,,80
,79,,79,Ăn mừng,79,,79,,79,,79,,79,,79
,79,,79,Không gian,79,,79,,79,,79,,79,,79
,77,,77,Thưởng thức,77,,77,,77,,77,,77,,77
,403,,403,,403,Doanh nghiệp,403,,403,,403,,403,,403
,302,,302,,302,Kinh tế,302,,302,,302,,302,,302
,269,,269,,269,Đầu tư,269,,269,,269,,269,,269
,264,,264,,264,Sản xuất,264,,264,,264,,264,,264
,262,,262,,262,Giao dịch,262,,262,,262,,262,,262
,249,,249,,249,Tăng trưởng,249,,249,,249,,249,,249
,229,,229,,229,Chứng khoán,229,,229,,229,,229,,229
,217,,217,,217,Thương mại,217,,217,,217,,217,,217
,206,,206,,206,Sản phẩm,206,,206,,206,,206,,206
,203,,203,,203,Cổ phiếu,203,,203,,203,,203,,203
,193,,193,,193,Xuất khẩu,193,,193,,193,,193,,193
,184,,184,,184,Lao động,184,,184,,184,,184,,184
,173,,173,,173,Phát triển,173,,173,,173,,173,,173
,168,,168,,168,Lãi suất,168,,168,,168,,168,,168
,166,,166,,166,Tiêu dùng,166,,166,,166,,166,,166
,166,,166,,166,Ngân hàng,166,,166,,166,,166,,166
,158,,158,,158,Kinh doanh,158,,158,,158,,158,,158
,156,,156,,156,Chính sách,156,,156,,156,,156,,156
,147,,147,,147,Công nghiệp,147,,147,,147,,147,,147
,144,,144,,144,Nông nghiệp,144,,144,,144,,144,,144
,926,,926,,926,,926,Học sinh,926,,926,,926,,926
,549,,549,,549,,549,Giáo dục,549,,549,,549,,549
,546,,546,,546,,546,Giáo viên,546,,546,,546,,546
,495,,495,,495,,495,Hiệu trưởng,495,,495,,495,,495
,492,,492,,492,,492,Nhà trường,492,,492,,492,,492
,339,,339,,339,,339,Đào tạo,339,,339,,339,,339
,278,,278,,278,,278,Bộ giáo dục và đào tạo,278,,278,,278,,278
,266,,266,,266,,266,Đại học,266,,266,,266,,266
,248,,248,,248,,248,Phụ huynh,248,,248,,248,,248
,240,,240,,240,,240,Sinh viên,240,,240,,240,,240
,239,,239,,239,,239,Thầy cô,239,,239,,239,,239
,224,,224,,224,,224,Nam sinh,224,,224,,224,,224
,214,,214,,214,,214,Nội trú,214,,214,,214,,214
,209,,209,,209,,209,Kỳ thi,209,,209,,209,,209
,200,,200,,200,,200,Tình dục,200,,200,,200,,200
,194,,194,,194,,194,Phú Thọ,194,,194,,194,,194
,188,,188,,188,,188,Kiến thức,188,,188,,188,,188
,188,,188,,188,,188,Cô giáo,188,,188,,188,,188
,179,,179,,179,,179,Trung học phổ thông,179,,179,,179,,179
,174,,174,,174,,174,Học tập,174,,174,,174,,174
,491,,491,,491,,491,,491,Điều tra,491,,491,,491
,331,,331,,331,,331,,331,Công an,331,,331,,331
,272,,272,,272,,272,,272,Vụ án,272,,272,,272
,209,,209,,209,,209,,209,Thu giữ,209,,209,,209
,208,,208,,208,,208,,208,Khởi tố,208,,208,,208
,204,,204,,204,,204,,204,Hiện trường,204,,204,,204
,200,,200,,200,,200,,200,Cảnh sát,200,,200,,200
,199,,199,,199,,199,,199,Hình sự,199,,199,,199
,197,,197,,197,,197,,197,Mô tô,197,,197,,197
,195,,195,,195,,195,,195,Tang vật,195,,195,,195
,187,,187,,187,,187,,187,Bị cáo,187,,187,,187
,186,,186,,186,,186,,186,Tử vong,186,,186,,186
,170,,170,,170,,170,,170,Chiếm đoạt,170,,170,,170
,165,,165,,165,,165,,165,Cấp cứu,165,,165,,165
,150,,150,,150,,150,,150,Phạm tội,150,,150,,150
,144,,144,,144,,144,,144,Vi phạm,144,,144,,144
,143,,143,,143,,143,,143,Ma túy,143,,143,,143
,140,,140,,140,,140,,140,Phát hiện,140,,140,,140
,136,,136,,136,,136,,136,Bị can,136,,136,,136
,132,,132,,132,,132,,132,Trái phép,132,,132,,132
,536,,536,,536,,536,,536,,536,Tuyển việt nam,536,,536
,456,,456,,456,,456,,456,,456,AFF Cup 2018,456,,456
,426,,426,,426,,426,,426,,426,Huấn luyện viên,426,,426
,351,,351,,351,,351,,351,,351,Vô địch,351,,351
,338,,338,,338,,338,,338,,338,Asian Cup 2019,338,,338
,268,,268,,268,,268,,268,,268,Park Hang-seo,268,,268
,242,,242,,242,,242,,242,,242,Cầu thủ,242,,242
,240,,240,,240,,240,,240,,240,Đội tuyển,240,,240
,236,,236,,236,,236,,236,,236,Aff cup,236,,236
,210,,210,,210,,210,,210,,210,José Mourinho,210,,210
,206,,206,,206,,206,,206,,206,Hâm mộ,206,,206
,206,,206,,206,,206,,206,,206,Chung kết,206,,206
,179,,179,,179,,179,,179,,179,Malaysia,179,,179
,176,,176,,176,,176,,176,,176,Anh Đức,176,,176
,176,,176,,176,,176,,176,,176,Sa thải,176,,176
,170,,170,,170,,170,,170,,170,Park Hang Seo,170,,170
,170,,170,,170,,170,,170,,170,Giải đấu,170,,170
,130,,130,,130,,130,,130,,130,Liên đoàn bóng đá việt nam,130,,130
,130,,130,,130,,130,,130,,130,Quỷ đỏ,130,,130
,128,,128,,128,,128,,128,,128,Tiểu vương quốc ả rập thống nhất,128,,128
,307,,307,,307,,307,,307,,307,,307,Hâm mộ,307
,239,,239,,239,,239,,239,,239,,239,Cuộc thi,239
,231,,231,,231,,231,,231,,231,,231,Người đẹp,231
,228,,228,,228,,228,,228,,228,,228,Hoa hậu,228
,201,,201,,201,,201,,201,,201,,201,Diễn viên,201
,197,,197,,197,,197,,197,,197,,197,Khán giả,197
,190,,190,,190,,190,,190,,190,,190,H'Hen Niê,190
,177,,177,,177,,177,,177,,177,,177,Nhan sắc,177
,168,,168,,168,,168,,168,,168,,168,Hoa hậu hoàn vũ,168
,167,,167,,167,,167,,167,,167,,167,Bộ phim,167
,131,,131,,131,,131,,131,,131,,131,Miss Universe 2018,131
,127,,127,,127,,127,,127,,127,,127,Ca sĩ,127
,123,,123,,123,,123,,123,,123,,123,Trang phục,123
,119,,119,,119,,119,,119,,119,,119,Thí sinh,119
,101,,101,,101,,101,,101,,101,,101,Fan,101
,99,,99,,99,,99,,99,,99,,99,Chung kết,99
,96,,96,,96,,96,,96,,96,,96,Đạo diễn,96
,93,,93,,93,,93,,93,,93,,93,Hoa hậu Hoàn vũ 2018,93
,92,,92,,92,,92,,92,,92,,92,Sắc đẹp,92
,89,,89,,89,,89,,89,,89,,89,Truyền hình,89
